{
  "mean": 241.542875,
  "stddev": 156.24431242037159
}
