{
  "mean": 239.50840277777777,
  "stddev": 160.58938968326407
}